Handle,Title,Body (HTML),Vendor,Type,Tags,Published,Option1 Name,Option1 Value,Option2 Name,Option2 Value,Option3 Name,Option3 Value,Variant SKU,Variant Grams,Variant Inventory Tracker,Variant Inventory Qty,Variant Inventory Policy,Variant Fulfillment Service,Variant Price,Variant Compare At Price,Variant Requires Shipping,Variant Taxable,Variant Barcode,Image Src,Image Position,Image Alt Text,Gift Card,SEO Title,SEO Description,Google Shopping / Google Product Category,Google Shopping / Gender,Google Shopping / Age Group,Google Shopping / MPN,Google Shopping / AdWords Grouping,Google Shopping / AdWords Labels,Google Shopping / Condition,Google Shopping / Custom Product,Google Shopping / Custom Label 0,Google Shopping / Custom Label 1,Google Shopping / Custom Label 2,Google Shopping / Custom Label 3,Google Shopping / Custom Label 4,Variant Image,Variant Weight Unit,Variant Tax Code,Cost per item,Status
spirit-classic-thermal-8-1-2-x-11,SPIRIT CLASSIC THERMAL 8 1/2” x 11”,"Reprofx Spirit Classic Thermal Roll is made with the same high quality dyes and stencil transfer paper as the classic Spirit Thermal sheets, but now is available in a continuous 100 foot roll. The Spirit Classic Thermal Roll allows artists to custom cut the size of stencil needed, as long or as short, saving artists time and money.

Always use an Extra-Long Reprofx® Carrier with the Spirit® Classic Thermal Roll in Thermal Machines.

100 continuous feet of Spirit® Thermal Paper!
Compatible with all thermal printers
Consistant, high quality images
Skin safe & shelf-stable",Kingpin Supply,Medical Supplies and Sterilization Equipment,,TRUE,Title,Default Title,,,,,KPAD092115,,,,deny,manual,34.5,,TRUE,TRUE,,,,,FALSE,,,,,,,,,,,,,,,,,lb,,,active
spirit-classic-thermal-8-1-2-x-14,SPIRIT CLASSIC THERMAL 8 1/2” x 14”,,Kingpin Supply,Medical Supplies and Sterilization Equipment,,TRUE,Title,Default Title,,,,,,,,,deny,manual,39.5,,TRUE,TRUE,,,,,FALSE,,,,,,,,,,,,,,,,,lb,,,active
medicine-cups-1oz-100-sleeve,MEDICINE CUPS 1oz 100 SLEEVE,,Kingpin Supply,Medical Supplies and Sterilization Equipment,,TRUE,Title,Default Title,,,,,,,,,deny,manual,1.95,,TRUE,TRUE,,,,,FALSE,,,,,,,,,,,,,,,,,lb,,,active
translucent-cups-3-5oz-2500-case,TRANSLUCENT CUPS 3.5oz 2500/case,,Kingpin Supply,Medical Supplies and Sterilization Equipment,,TRUE,Title,Default Title,,,,,,,,,deny,manual,46,,TRUE,TRUE,,,,,FALSE,,,,,,,,,,,,,,,,,lb,,,active
translucent-cups-5oz-2500-case,TRANSLUCENT CUPS 5oz 2500/case,,Kingpin Supply,Medical Supplies and Sterilization Equipment,,TRUE,Title,Default Title,,,,,,,,,deny,manual,52,,TRUE,TRUE,,,,,FALSE,,,,,,,,,,,,,,,,,lb,,,active
translucent-cups-5oz-1000-case,TRANSLUCENT CUPS 5oz 1000/case,,Kingpin Supply,Medical Supplies and Sterilization Equipment,,TRUE,Title,Default Title,,,,,,,,,deny,manual,26,,TRUE,TRUE,,,,,FALSE,,,,,,,,,,,,,,,,,lb,,,active
op-marks-ultra-fine-tip-non-sterile-50-box,OP-MARKS ULTRA FINE TIP Non-Sterile 50/box,,Kingpin Supply,Medical Supplies and Sterilization Equipment,,TRUE,Title,Default Title,,,,,,,,,deny,manual,25.5,,TRUE,TRUE,,,,,FALSE,,,,,,,,,,,,,,,,,lb,,,active
disposable-razors-twin-blade-100-bag,DISPOSABLE RAZORS Twin blade 100/bag,,Kingpin Supply,Medical Supplies and Sterilization Equipment,,TRUE,Title,Default Title,,,,,,,,,deny,manual,10,,TRUE,TRUE,,,,,FALSE,,,,,,,,,,,,,,,,,lb,,,active
face-masks-ear-loop-type,FACE MASKS Ear loop type,,Kingpin Supply,Medical Supplies and Sterilization Equipment,,TRUE,Title,Default Title,,,,,,,,,deny,manual,4.5,,TRUE,TRUE,,,,,FALSE,,,,,,,,,,,,,,,,,lb,,,active
spray-bottle-bags-6-x-10-500-box,SPRAY BOTTLE BAGS 6” x 10” 500/box,,Kingpin Supply,Medical Supplies and Sterilization Equipment,,TRUE,Title,Default Title,,,,,,,,,deny,manual,10,,TRUE,TRUE,,,,,FALSE,,,,,,,,,,,,,,,,,lb,,,active
barrier-film-blue,BARRIER FILM ( Blue ),,Kingpin Supply,Medical Supplies and Sterilization Equipment,Blue,TRUE,Title,Default Title,,,,,,,,,deny,manual,15.5,,TRUE,TRUE,,,,,FALSE,,,,,,,,,,,,,,,,,lb,,,active
barrier-film-clear,BARRIER FILM ( Clear),,Kingpin Supply,Medical Supplies and Sterilization Equipment,Clear,TRUE,Title,Default Title,,,,,,,,,deny,manual,15.5,,TRUE,TRUE,,,,,FALSE,,,,,,,,,,,,,,,,,lb,,,active
clip-cord-sleeves-2-5-8-x-24-500-box,CLIP CORD SLEEVES 2 5/8” x 24” • 500/box,,Kingpin Supply,Tattoo Parts,,TRUE,Title,Default Title,,,,,,,,,deny,manual,11,,TRUE,TRUE,,,,,FALSE,,,,,,,,,,,,,,,,,lb,,,active
machine-bags-5-x-6-500-box,MACHINE BAGS 5” x 6” • 500/box,,Kingpin Supply,Tattoo Parts,,TRUE,Title,Default Title,,,,,,,,,deny,manual,11,,TRUE,TRUE,,,,,FALSE,,,,,,,,,,,,,,,,,lb,,,active
2-clip-cord-tubing-2900-roll,2” CLIP CORD TUBING 2900’/roll,,Kingpin Supply,Tattoo Parts,,TRUE,Title,Default Title,,,,,,,,,deny,manual,37,,TRUE,TRUE,,,,,FALSE,,,,,,,,,,,,,,,,,lb,,,active
assorted-colored-lap-cloths-18-x-13-2-ply-tissue-1-ply-poly-500-case,ASSORTED COLORED LAP CLOTHS 18” x 13” • 2 Ply tissue • 1 Ply poly 500/case,,Kingpin Supply,Medical Supplies and Sterilization Equipment,Black,TRUE,Title,Default Title,,,,,,,,,deny,manual,22.95,,TRUE,TRUE,,,,,FALSE,,,,,,,,,,,,,,,,,lb,,,active
assorted-colored-lap-cloths-18-x-13-2-ply-tissue-1-ply-poly-500-case,ASSORTED COLORED LAP CLOTHS 18” x 13” • 2 Ply tissue • 1 Ply poly 500/case,,Kingpin Supply,Medical Supplies and Sterilization Equipment,Lavender,TRUE,Title,Default Title,,,,,,,,,deny,manual,22.95,,TRUE,TRUE,,,,,FALSE,,,,,,,,,,,,,,,,,lb,,,active
assorted-colored-lap-cloths-18-x-13-2-ply-tissue-1-ply-poly-500-case,ASSORTED COLORED LAP CLOTHS 18” x 13” • 2 Ply tissue • 1 Ply poly 500/case,,Kingpin Supply,Medical Supplies and Sterilization Equipment,Green,TRUE,Title,Default Title,,,,,,,,,deny,manual,22.95,,TRUE,TRUE,,,,,FALSE,,,,,,,,,,,,,,,,,lb,,,active
black-lap-cloths18-x-13-2-ply-tissue-1-ply-poly-500-case,BLACK LAP CLOTHS18” x 13” • 2 Ply tissue • 1 Ply poly 500/case,,Kingpin Supply,Medical Supplies and Sterilization Equipment,Black,TRUE,Title,Default Title,,,,,,,,,deny,manual,27,,TRUE,TRUE,,,,,FALSE,,,,,,,,,,,,,,,,,lb,,,active
tergazyme-ultrasonic-cleaner,TERGAZYME ULTRASONIC CLEANER,,Kingpin Supply,Medical Supplies and Sterilization Equipment,,TRUE,Title,Default Title,,,,,,,,,deny,manual,30,,TRUE,TRUE,,,,,FALSE,,,,,,,,,,,,,,,,,lb,,,active
disposable-pillow-cases-economy-100-case,DISPOSABLE PILLOW caseS Economy 100/case,,Kingpin Supply,Medical Supplies and Sterilization Equipment,,TRUE,Title,Default Title,,,,,,,,,deny,manual,25,,TRUE,TRUE,,,,,FALSE,,,,,,,,,,,,,,,,,lb,,,active
disposable-pillow-cases-deluxe-100-case,DISPOSABLE PILLOW caseS Deluxe 100/case,,Kingpin Supply,Medical Supplies and Sterilization Equipment,,TRUE,Title,Default Title,,,,,,,,,deny,manual,40,,TRUE,TRUE,,,,,FALSE,,,,,,,,,,,,,,,,,lb,,,active
drape-sheets-2-ply-tissue-1-ply-poly-blue-100-case-40-x-48,DRAPE SHEETS 2 ply tissue • 1 ply poly • Blue • 100/case 40” x 48”,,Kingpin Supply,Medical Supplies and Sterilization Equipment,Blue,TRUE,Title,Default Title,,,,,,,,,deny,manual,34.95,,TRUE,TRUE,,,,,FALSE,,,,,,,,,,,,,,,,,lb,,,active
tip-cleaning-set,TIP CLEANING SET,,Kingpin Supply,Medical Supplies and Sterilization Equipment,,TRUE,Title,Default Title,,,,,,,,,deny,manual,4,,TRUE,TRUE,,,,,FALSE,,,,,,,,,,,,,,,,,lb,,,active
opti-cide-3-surface-wipes-7-x-10-100-tub,OPTI-CIDE 3 Surface Wipes 7” x 10” 100/tub,,Kingpin Supply,Medical Supplies and Sterilization Equipment,,TRUE,Title,Default Title,,,,,,,,,deny,manual,9.5,,TRUE,TRUE,,,,,FALSE,,,,,,,,,,,,,,,,,lb,,,active
opti-cide-3-24oz-spray-bottle,OPTI-CIDE 3 24oz Spray Bottle,,Kingpin Supply,Medical Supplies and Sterilization Equipment,,TRUE,Title,Default Title,,,,,,,,,deny,manual,8.25,,TRUE,TRUE,,,,,FALSE,,,,,,,,,,,,,,,,,lb,,,active
opti-cide-3-1-gallon,OPTI-CIDE 3 1 Gallon,,Kingpin Supply,Medical Supplies and Sterilization Equipment,,TRUE,Title,Default Title,,,,,,,,,deny,manual,23.95,,TRUE,TRUE,,,,,FALSE,,,,,,,,,,,,,,,,,lb,,,active
alcohol-70-isopropyl-16oz-bottle,ALCOHOL 70% Isopropyl 16oz bottle,,Kingpin Supply,Medical Supplies and Sterilization Equipment,,TRUE,Title,Default Title,,,,,,,,,deny,manual,2.25,,TRUE,TRUE,,,,,FALSE,,,,,,,,,,,,,,,,,lb,,,active
ink-caps-9-caps-1000-bag,INK CAPS #9 Caps 1000/bag,,Kingpin Supply,Art and stencil supplies,,TRUE,Title,Default Title,,,,,,,,,deny,manual,10,,TRUE,TRUE,,,,,FALSE,,,,,,,,,,,,,,,,,lb,,,active
ink-caps-16-caps-1000-bag,INK CAPS #16 Caps 1000/bag,,Kingpin Supply,Art and stencil supplies,,TRUE,Title,Default Title,,,,,,,,,deny,manual,10,,TRUE,TRUE,,,,,FALSE,,,,,,,,,,,,,,,,,lb,,,active
hextat-disposable-tray,HEXTAT DISPOSABLE TRAY,,Kingpin Supply,Medical Supplies and Sterilization Equipment,,TRUE,Title,Default Title,,,,,,,,,deny,manual,20,,TRUE,TRUE,,,,,FALSE,,,,,,,,,,,,,,,,,lb,,,active
dip-cap,DIP CAP,,Kingpin Supply,Art and stencil supplies,,TRUE,Title,Default Title,,,,,,,,,deny,manual,24.99,,TRUE,TRUE,,,,,FALSE,,,,,,,,,,,,,,,,,lb,,,active
quick-caps,QUICK CAPS,,Kingpin Supply,Art and stencil supplies,,TRUE,Title,Default Title,,,,,,,,,deny,manual,30,,TRUE,TRUE,,,,,FALSE,,,,,,,,,,,,,,,,,lb,,,active
hive-caps,HIVE CAPS,,Kingpin Supply,Art and stencil supplies,,TRUE,Title,Default Title,,,,,,,,,deny,manual,8,,TRUE,TRUE,,,,,FALSE,,,,,,,,,,,,,,,,,lb,,,active
spirit-green-freehand-8-1-2-x-11,SPIRIT GREEN FREEHAND 8 1/2” x 11”,,Kingpin Supply,Medical Supplies and Sterilization Equipment,,TRUE,Title,Default Title,,,,,,,,,deny,manual,36.5,,TRUE,TRUE,,,,,FALSE,,,,,,,,,,,,,,,,,lb,,,active
spirit-green-sheet-carbon,SPIRIT GREEN SHEET CARBON,,Kingpin Supply,Medical Supplies and Sterilization Equipment,,TRUE,Title,Default Title,,,,,,,,,deny,manual,44,,TRUE,TRUE,,,,,FALSE,,,,,,,,,,,,,,,,,lb,,,active
spirit-vegan-thermal,SPIRIT VEGAN THERMAL,,Kingpin Supply,Medical Supplies and Sterilization Equipment,,TRUE,Title,Default Title,,,,,,,,,deny,manual,35,,TRUE,TRUE,,,,,FALSE,,,,,,,,,,,,,,,,,lb,,,active
spirit-green-thermal-8-1-2-x-11,SPIRIT GREEN THERMAL 8 1/2” x 11”,,Kingpin Supply,Medical Supplies and Sterilization Equipment,,TRUE,Title,Default Title,,,,,,,,,deny,manual,37.5,,TRUE,TRUE,,,,,FALSE,,,,,,,,,,,,,,,,,lb,,,active
spirit-green-thermal-8-1-2-x-14,SPIRIT GREEN THERMAL 8 1/2” x 14”,,Kingpin Supply,Medical Supplies and Sterilization Equipment,,TRUE,Title,Default Title,,,,,,,,,deny,manual,41.5,,TRUE,TRUE,,,,,FALSE,,,,,,,,,,,,,,,,,lb,,,active
spirit-classic-roll,SPIRIT CLASSIC ROLL,,Kingpin Supply,Medical Supplies and Sterilization Equipment,,TRUE,Title,Default Title,,,,,,,,,deny,manual,34.5,,TRUE,TRUE,,,,,FALSE,,,,,,,,,,,,,,,,,lb,,,active
spirit-classic-transfer-cream-4oz,SPIRIT CLASSIC TRANSFER CREAM 4oz,,Kingpin Supply,Medical Supplies and Sterilization Equipment,,TRUE,Title,Default Title,,,,,,,,,deny,manual,10,,TRUE,TRUE,,,,,FALSE,,,,,,,,,,,,,,,,,lb,,,active
spirit-classic-transfer-cream,SPIRIT CLASSIC TRANSFER CREAM,,Kingpin Supply,Medical Supplies and Sterilization Equipment,,TRUE,Title,Default Title,,,,,,,,,deny,manual,20,,TRUE,TRUE,,,,,FALSE,,,,,,,,,,,,,,,,,lb,,,active
spirit-vegan-transfer-cream-4oz,SPIRIT VEGAN TRANSFER CREAM 4oz,,Kingpin Supply,Medical Supplies and Sterilization Equipment,,TRUE,Title,Default Title,,,,,,,,,deny,manual,12,,TRUE,TRUE,,,,,FALSE,,,,,,,,,,,,,,,,,lb,,,active
spirit-vegan-transfer-cream-8oz,SPIRIT VEGAN TRANSFER CREAM 8oz,,Kingpin Supply,Medical Supplies and Sterilization Equipment,,TRUE,Title,Default Title,,,,,,,,,deny,manual,22,,TRUE,TRUE,,,,,FALSE,,,,,,,,,,,,,,,,,lb,,,active
spirit-green-transfer-cream-4oz,SPIRIT GREEN TRANSFER CREAM 4oz,,Kingpin Supply,Medical Supplies and Sterilization Equipment,,TRUE,Title,Default Title,,,,,,,,,deny,manual,10,,TRUE,TRUE,,,,,FALSE,,,,,,,,,,,,,,,,,lb,,,active
spirit-green-transfer-cream-8oz,SPIRIT GREEN TRANSFER CREAM 8oz,,Kingpin Supply,Medical Supplies and Sterilization Equipment,,TRUE,Title,Default Title,,,,,,,,,deny,manual,20,,TRUE,TRUE,,,,,FALSE,,,,,,,,,,,,,,,,,lb,,,active
prep-stuff,PREP STUFF,,Kingpin Supply,Medical Supplies and Sterilization Equipment,,TRUE,Title,Default Title,,,,,,,,,deny,manual,20,,TRUE,TRUE,,,,,FALSE,,,,,,,,,,,,,,,,,lb,,,active
stencilstuff-4oz,STENCILSTUFF 4oz,,Kingpin Supply,Medical Supplies and Sterilization Equipment,,TRUE,Title,Default Title,,,,,,,,,deny,manual,10,,TRUE,TRUE,,,,,FALSE,,,,,,,,,,,,,,,,,lb,,,active
stencilstuff-8oz,STENCILSTUFF 8oz,,Kingpin Supply,Medical Supplies and Sterilization Equipment,,TRUE,Title,Default Title,,,,,,,,,deny,manual,20,,TRUE,TRUE,,,,,FALSE,,,,,,,,,,,,,,,,,lb,,,active
spray-stuff,SPRAY STUFF,,Kingpin Supply,Medical Supplies and Sterilization Equipment,,TRUE,Title,Default Title,,,,,,,,,deny,manual,25,,TRUE,TRUE,,,,,FALSE,,,,,,,,,,,,,,,,,lb,,,active
anchored-stencil,ANCHORED STENCIL,,Kingpin Supply,Medical Supplies and Sterilization Equipment,,TRUE,Title,Default Title,,,,,,,,,deny,manual,20,,TRUE,TRUE,,,,,FALSE,,,,,,,,,,,,,,,,,lb,,,active
3m-blue-acetate-thermal-carrier-8-5-8-x-14-1-2,3M BLUE ACETATE THERMAL CARRIER 8 5/8” x 14 1/2”,,Kingpin Supply,Medical Supplies and Sterilization Equipment,,TRUE,Title,Default Title,,,,,,,,,deny,manual,12,,TRUE,TRUE,,,,,FALSE,,,,,,,,,,,,,,,,,lb,,,active
3m-blue-acetate-thermal-carrier-8-5-8-x-28,3M BLUE ACETATE THERMAL CARRIER 8 5/8” x 28”,,Kingpin Supply,Medical Supplies and Sterilization Equipment,,TRUE,Title,Default Title,,,,,,,,,deny,manual,18,,TRUE,TRUE,,,,,FALSE,,,,,,,,,,,,,,,,,lb,,,active
german-thermal-image-carrier-8-5-8-x-28,GERMAN THERMAL IMAGE CARRIER 8 5/8” x 28”,,Kingpin Supply,Medical Supplies and Sterilization Equipment,,TRUE,Title,Default Title,,,,,,,,,deny,manual,12,,TRUE,TRUE,,,,,FALSE,,,,,,,,,,,,,,,,,lb,,,active
german-thermal-image-carrier-8-5-8-x-14-1-3,GERMAN THERMAL IMAGE CARRIER 8 5/8” x 14 1/3,,Kingpin Supply,Medical Supplies and Sterilization Equipment,,TRUE,Title,Default Title,,,,,,,,,deny,manual,18,,TRUE,TRUE,,,,,FALSE,,,,,,,,,,,,,,,,,lb,,,active
electrum-premium-stencil-primer-2-oz,ELECTRUM PREMIUM STENCIL PRIMER 2 oz,,Kingpin Supply,Medical Supplies and Sterilization Equipment,,TRUE,Title,Default Title,,,,,,,,,deny,manual,7,,TRUE,TRUE,,,,,FALSE,,,,,,,,,,,,,,,,,lb,,,active
electrum-premium-stencil-primer-8-oz,ELECTRUM PREMIUM STENCIL PRIMER 8 oz,,Kingpin Supply,Medical Supplies and Sterilization Equipment,,TRUE,Title,Default Title,,,,,,,,,deny,manual,20,,TRUE,TRUE,,,,,FALSE,,,,,,,,,,,,,,,,,lb,,,active
electrum-premium-skin-prep-and-remover-8-oz,ELECTRUM PREMIUM SKIN PREP AND REMOVER 8 oz,,Kingpin Supply,Medical Supplies and Sterilization Equipment,,TRUE,Title,Default Title,,,,,,,,,deny,manual,20,,TRUE,TRUE,,,,,FALSE,,,,,,,,,,,,,,,,,lb,,,active
electrum-premium-skin-prep-and-remover-32-oz,ELECTRUM PREMIUM SKIN PREP AND REMOVER 32 oz,,Kingpin Supply,Medical Supplies and Sterilization Equipment,,TRUE,Title,Default Title,,,,,,,,,deny,manual,72,,TRUE,TRUE,,,,,FALSE,,,,,,,,,,,,,,,,,lb,,,active
adenna-night-angel-black-nitrile-gloves-xs-s-m-l-xl,Adenna Night Angel Black Nitrile Gloves ( XS-S-M-L-XL ),,Kingpin Supply,Medical Supplies and Sterilization Equipment,,TRUE,Title,Default Title,,,,,,,,,deny,manual,8.25,,TRUE,TRUE,,,,,FALSE,,,,,,,,,,,,,,,,,lb,,,active
adenna-shadow-nitrile-gloves-xs-s-m-l-xl,Adenna Shadow Nitrile Gloves ( XS-S-M-L-XL ),,Kingpin Supply,Medical Supplies and Sterilization Equipment,,TRUE,Title,Default Title,,,,,,,,,deny,manual,8.95,,TRUE,TRUE,,,,,FALSE,,,,,,,,,,,,,,,,,lb,,,active
adenna-precision-nitrile-gloves-xs-s-m-l-xl,Adenna Precision Nitrile Gloves  ( XS-S-M-L-XL ),,Kingpin Supply,Medical Supplies and Sterilization Equipment,,TRUE,Title,Default Title,,,,,,,,,deny,manual,8.95,,TRUE,TRUE,,,,,FALSE,,,,,,,,,,,,,,,,,lb,,,active
adenna-npf-nitrile-gloves-xs-s-m-l-xl,Adenna NPF Nitrile Gloves ( XS-S-M-L-XL ),,Kingpin Supply,Medical Supplies and Sterilization Equipment,,TRUE,Title,Default Title,,,,,,,,,deny,manual,8.25,,TRUE,TRUE,,,,,FALSE,,,,,,,,,,,,,,,,,lb,,,active
halyard-safeskin-nitrile-gloves-xs-s-m-l-xl,Halyard Safeskin Nitrile Gloves ( XS-S-M-L-XL ),,Kingpin Supply,Medical Supplies and Sterilization Equipment,,TRUE,Title,Default Title,,,,,,,,,deny,manual,10.95,,TRUE,TRUE,,,,,FALSE,,,,,,,,,,,,,,,,,lb,,,active
halyard-sterile-nitrile-gloves-s-m-l,Halyard Sterile Nitrile Gloves ( S-M-L ),,Kingpin Supply,Medical Supplies and Sterilization Equipment,,TRUE,Title,Default Title,,,,,,,,,deny,manual,40,,TRUE,TRUE,,,,,FALSE,,,,,,,,,,,,,,,,,lb,,,active
adenna-miracle-3-5mil-nitrile-gloves-xs-s-m-l-xl,Adenna Miracle 3.5mil Nitrile Gloves ( XS-S-M-L-XL ),,Kingpin Supply,Medical Supplies and Sterilization Equipment,,TRUE,Title,Default Title,,,,,,,,,deny,manual,13,,TRUE,TRUE,,,,,FALSE,,,,,,,,,,,,,,,,,lb,,,active
mchloroprene-exam-gloveicro-ex-neopro-xs-s-m-l-xl,MChloroprene Exam Gloveicro ex NeoPro ( XS-S-M-L-XL ),,Kingpin Supply,Medical Supplies and Sterilization Equipment,,TRUE,Title,Default Title,,,,,,,,,deny,manual,#N/A,,TRUE,TRUE,,,,,FALSE,,,,,,,,,,,,,,,,,lb,,,active
adenna-phantom-black-latex-gloves-xs-s-m-l-xl,Adenna Phantom Black Latex Gloves ( XS-S-M-L-XL ),,Kingpin Supply,Medical Supplies and Sterilization Equipment,Black,TRUE,Title,Default Title,,,,,,,,,deny,manual,8.95,,TRUE,TRUE,,,,,FALSE,,,,,,,,,,,,,,,,,lb,,,active
adenna-gold-latex-gloves-xs-s-m-l-xl,Adenna Gold Latex Gloves ( XS-S-M-L-XL ),,Kingpin Supply,Medical Supplies and Sterilization Equipment,Gold,TRUE,Title,Default Title,,,,,,,,,deny,manual,8,,TRUE,TRUE,,,,,FALSE,,,,,,,,,,,,,,,,,lb,,,active
adenna-bronze-latex-gloves-xs-s-m-l-xl,Adenna Bronze Latex Gloves ( XS-S-M-L-XL ),,Kingpin Supply,Medical Supplies and Sterilization Equipment,Bronze,TRUE,Title,Default Title,,,,,,,,,deny,manual,7.5,,TRUE,TRUE,,,,,FALSE,,,,,,,,,,,,,,,,,lb,,,active
black-dragon-latex-gloves-xs-s-m-l-xl,Black Dragon Latex Gloves ( XS-S-M-L-XL ),,Kingpin Supply,Medical Supplies and Sterilization Equipment,,TRUE,Title,Default Title,,,,,,,,,deny,manual,9.95,,TRUE,TRUE,,,,,FALSE,,,,,,,,,,,,,,,,,lb,,,active
tongue-depressors-sterile,TONGUE DEPRESSORS Sterile,,Kingpin Supply,Medical Supplies and Sterilization Equipment,,TRUE,Title,Default Title,,,,,,,,,deny,manual,4.95,,TRUE,TRUE,,,,,FALSE,,,,,,,,,,,,,,,,,lb,,,active
tongue-depressors-non-sterile,TONGUE DEPRESSORS Non-Sterile,,Kingpin Supply,Medical Supplies and Sterilization Equipment,,TRUE,Title,Default Title,,,,,,,,,deny,manual,5.95,,TRUE,TRUE,,,,,FALSE,,,,,,,,,,,,,,,,,lb,,,active
cotton-tipped-applicator-sterile-6,COTTON-TIPPED APPLICATOR Sterile - 6”,,Kingpin Supply,Medical Supplies and Sterilization Equipment,,TRUE,Title,Default Title,,,,,,,,,deny,manual,4.5,,TRUE,TRUE,,,,,FALSE,,,,,,,,,,,,,,,,,lb,,,active
cotton-tipped-applicator-non-sterile-3,COTTON-TIPPED APPLICATOR Non-Sterile - 3”,,Kingpin Supply,Medical Supplies and Sterilization Equipment,,TRUE,Title,Default Title,,,,,,,,,deny,manual,3.95,,TRUE,TRUE,,,,,FALSE,,,,,,,,,,,,,,,,,lb,,,active
cotton-tipped-applicator-non-sterile-6,COTTON-TIPPED APPLICATOR Non-Sterile - 6”,,Kingpin Supply,Medical Supplies and Sterilization Equipment,,TRUE,Title,Default Title,,,,,,,,,deny,manual,5.95,,TRUE,TRUE,,,,,FALSE,,,,,,,,,,,,,,,,,lb,,,active
double-end-pointed-cotton-tipped-applicator,DOUBLE END POINTED COTTON-TIPPED APPLICATOR,,Kingpin Supply,Medical Supplies and Sterilization Equipment,,TRUE,Title,Default Title,,,,,,,,,deny,manual,4.25,,TRUE,TRUE,,,,,FALSE,,,,,,,,,,,,,,,,,lb,,,active
mini-skin-markers-sterile,MINI SKIN MARKERS Sterile,,Kingpin Supply,Medical Supplies and Sterilization Equipment,,TRUE,Title,Default Title,,,,,,,,,deny,manual,1.25,,TRUE,TRUE,,,,,FALSE,,,,,,,,,,,,,,,,,lb,,,active
mini-skin-markers-non-sterile,MINI SKIN MARKERS Non-Sterile,,Kingpin Supply,Medical Supplies and Sterilization Equipment,,TRUE,Title,Default Title,,,,,,,,,deny,manual,0.85,,TRUE,TRUE,,,,,FALSE,,,,,,,,,,,,,,,,,lb,,,active
true-rinse-cups,TRUE RINSE CUPS,,Kingpin Supply,Medical Supplies and Sterilization Equipment,,TRUE,Title,Default Title,,,,,,,,,deny,manual,10.95,,TRUE,TRUE,,,,,FALSE,,,,,,,,,,,,,,,,,lb,,,active
polyethylene-aprons-28-x-46-white-100-box,POLYETHYLENE APRONS 28” x 46” • White • 100/box,,Kingpin Supply,Medical Supplies and Sterilization Equipment,White,TRUE,Title,Default Title,,,,,,,,,deny,manual,9.5,,TRUE,TRUE,,,,,FALSE,,,,,,,,,,,,,,,,,lb,,,active
black-disposable-aprons-28-x-46-black-cloth-coated,BLACK DISPOSABLE APRONS 28” x 46” • Black • Cloth coated,,Kingpin Supply,Medical Supplies and Sterilization Equipment,Black,TRUE,Title,Default Title,,,,,,,,,deny,manual,11.99,,TRUE,TRUE,,,,,FALSE,,,,,,,,,,,,,,,,,lb,,,active
surgical-markers,SURGICAL MARKERS,,Kingpin Supply,Medical Supplies and Sterilization Equipment,,TRUE,Title,Default Title,,,,,,,,,deny,manual,1,,TRUE,TRUE,,,,,FALSE,,,,,,,,,,,,,,,,,lb,,,active
ammonia-inhalant,AMMONIA INHALANT,,Kingpin Supply,Medical Supplies and Sterilization Equipment,,TRUE,Title,Default Title,,,,,,,,,deny,manual,3,,TRUE,TRUE,,,,,FALSE,,,,,,,,,,,,,,,,,lb,,,active
poly-arm-sleeves-blue-100-box,POLY ARM SLEEVES Blue 100/box,,Kingpin Supply,Medical Supplies and Sterilization Equipment,Blue,TRUE,Title,Default Title,,,,,,,,,deny,manual,7,,TRUE,TRUE,,,,,FALSE,,,,,,,,,,,,,,,,,lb,,,active
deluxe-poly-arm-sleeves-white-impervious-200-box,DELUXE POLY ARM SLEEVES White / Impervious 200/box,,Kingpin Supply,Medical Supplies and Sterilization Equipment,White,TRUE,Title,Default Title,,,,,,,,,deny,manual,45,,TRUE,TRUE,,,,,FALSE,,,,,,,,,,,,,,,,,lb,,,active
face-masks-w-shield,Face Masks w/ Shield,,Kingpin Supply,Medical Supplies and Sterilization Equipment,,TRUE,Title,Default Title,,,,,,,,,deny,manual,15,,TRUE,TRUE,,,,,FALSE,,,,,,,,,,,,,,,,,lb,,,active
exam-table-paper,EXAM TABLE PAPER,,Kingpin Supply,Tattoo Shop Furniture and Supplies,,TRUE,Title,Default Title,,,,,,,,,deny,manual,5.5,,TRUE,TRUE,,,,,FALSE,,,,,,,,,,,,,,,,,lb,,,active
absorbent-blue-pads,ABSORBENT BLUE PADS,,Kingpin Supply,Medical Supplies and Sterilization Equipment,,TRUE,Title,Default Title,,,,,,,,,deny,manual,40,,TRUE,TRUE,,,,,FALSE,,,,,,,,,,,,,,,,,lb,,,active
dri-loc-pads-5-x-6-black,DRI LOC PADS 5” x 6” Black,,Kingpin Supply,Medical Supplies and Sterilization Equipment,,TRUE,Title,Default Title,,,,,,,,,deny,manual,72,,TRUE,TRUE,,,,,FALSE,,,,,,,,,,,,,,,,,lb,,,active
dri-loc-pads-4-x-6-white,DRI LOC PADS 4” x 6” White,,Kingpin Supply,Medical Supplies and Sterilization Equipment,,TRUE,Title,Default Title,,,,,,,,,deny,manual,60,,TRUE,TRUE,,,,,FALSE,,,,,,,,,,,,,,,,,lb,,,active
dri-loc-pads-4-x-6-black,DRI LOC PADS 4” x 6” Black,,Kingpin Supply,Medical Supplies and Sterilization Equipment,,TRUE,Title,Default Title,,,,,,,,,deny,manual,60,,TRUE,TRUE,,,,,FALSE,,,,,,,,,,,,,,,,,lb,,,active
drape-sheets-40-x-60,DRAPE SHEETS 40” x 60”,,Kingpin Supply,Medical Supplies and Sterilization Equipment,,TRUE,Title,Default Title,,,,,,,,,deny,manual,42,,TRUE,TRUE,,,,,FALSE,,,,,,,,,,,,,,,,,lb,,,active
drape-sheets-40-x-90,DRAPE SHEETS 40” x 90,,Kingpin Supply,Medical Supplies and Sterilization Equipment,,TRUE,Title,Default Title,,,,,,,,,deny,manual,28.5,,TRUE,TRUE,,,,,FALSE,,,,,,,,,,,,,,,,,lb,,,active
drape-sheets-sterile-white-18-x-26-latex-free,DRAPE SHEETS Sterile White • 18” x 26” • Latex free,,Kingpin Supply,Medical Supplies and Sterilization Equipment,White,TRUE,Title,Default Title,,,,,,,,,deny,manual,15,,TRUE,TRUE,,,,,FALSE,,,,,,,,,,,,,,,,,lb,,,active
tergazyme-ultrasonic-cleaner,TERGAZYME ULTRASONIC CLEANER,,Kingpin Supply,Medical Supplies and Sterilization Equipment,,TRUE,Title,Default Title,,,,,,,,,deny,manual,30,,TRUE,TRUE,,,,,FALSE,,,,,,,,,,,,,,,,,lb,,,active
crosstex-crosszyme,CROSSTEX CROSSZYME,,Kingpin Supply,Medical Supplies and Sterilization Equipment,,TRUE,Title,Default Title,,,,,,,,,deny,manual,29.5,,TRUE,TRUE,,,,,FALSE,,,,,,,,,,,,,,,,,lb,,,active
speed-clean-autoclave-cleaner,SPEED-CLEAN AUTOCLAVE CLEANER,,Kingpin Supply,Medical Supplies and Sterilization Equipment,,TRUE,Title,Default Title,,,,,,,,,deny,manual,15.95,,TRUE,TRUE,,,,,FALSE,,,,,,,,,,,,,,,,,lb,,,active
clean-simple,CLEAN & SIMPLE,,Kingpin Supply,Medical Supplies and Sterilization Equipment,,TRUE,Title,Default Title,,,,,,,,,deny,manual,50,,TRUE,TRUE,,,,,FALSE,,,,,,,,,,,,,,,,,lb,,,active
chamber-brite,CHAMBER BRITE,,Kingpin Supply,Medical Supplies and Sterilization Equipment,,TRUE,Title,Default Title,,,,,,,,,deny,manual,52,,TRUE,TRUE,,,,,FALSE,,,,,,,,,,,,,,,,,lb,,,active
weiman-instrument-lubricant,WEIMAN INSTRUMENT LUBRICANT,,Kingpin Supply,Medical Supplies and Sterilization Equipment,,TRUE,Title,Default Title,,,,,,,,,deny,manual,21.95,,TRUE,TRUE,,,,,FALSE,,,,,,,,,,,,,,,,,lb,,,active
sporox-ii,SPOROX II,,Kingpin Supply,Medical Supplies and Sterilization Equipment,,TRUE,Title,Default Title,,,,,,,,,deny,manual,40.95,,TRUE,TRUE,,,,,FALSE,,,,,,,,,,,,,,,,,lb,,,active
miltex-stain-remover,MILTEX STAIN REMOVER,,Kingpin Supply,Medical Supplies and Sterilization Equipment,,TRUE,Title,Default Title,,,,,,,,,deny,manual,9.5,,TRUE,TRUE,,,,,FALSE,,,,,,,,,,,,,,,,,lb,,,active
instrument-cleaning-brushes-stainless-bristles,INSTRUMENT CLEANING BRUSHES Stainless Bristles,,Kingpin Supply,Medical Supplies and Sterilization Equipment,,TRUE,Title,Default Title,,,,,,,,,deny,manual,4.95,,TRUE,TRUE,,,,,FALSE,,,,,,,,,,,,,,,,,lb,,,active
instrument-cleaning-brushes-nylon-bristles,INSTRUMENT CLEANING BRUSHES Nylon Bristles,,Kingpin Supply,Medical Supplies and Sterilization Equipment,,TRUE,Title,Default Title,,,,,,,,,deny,manual,4.5,,TRUE,TRUE,,,,,FALSE,,,,,,,,,,,,,,,,,lb,,,active
cavicide-1-gallon,CAVICIDE 1 gallon,,Kingpin Supply,Medical Supplies and Sterilization Equipment,,TRUE,Title,Default Title,,,,,,,,,deny,manual,26.95,,TRUE,TRUE,,,,,FALSE,,,,,,,,,,,,,,,,,lb,,,active
cavicide-1-wipes,CAVICIDE 1 wipes,,Kingpin Supply,Medical Supplies and Sterilization Equipment,,TRUE,Title,Default Title,,,,,,,,,deny,manual,10.5,,TRUE,TRUE,,,,,FALSE,,,,,,,,,,,,,,,,,lb,,,active
microcide-sq,MICROCIDE SQ,,Kingpin Supply,Medical Supplies and Sterilization Equipment,,TRUE,Title,Default Title,,,,,,,,,deny,manual,22,,TRUE,TRUE,,,,,FALSE,,,,,,,,,,,,,,,,,lb,,,active
microcide-sq-empty-32oz-spray-bottle,MICROCIDE SQ Empty 32oz spray bottle,,Kingpin Supply,Medical Supplies and Sterilization Equipment,,TRUE,Title,Default Title,,,,,,,,,deny,manual,4.25,,TRUE,TRUE,,,,,FALSE,,,,,,,,,,,,,,,,,lb,,,active
micro-cide-28,MICRO-CIDE 28,,Kingpin Supply,Medical Supplies and Sterilization Equipment,,TRUE,Title,Default Title,,,,,,,,,deny,manual,21,,TRUE,TRUE,,,,,FALSE,,,,,,,,,,,,,,,,,lb,,,active
benz-all,BENZ-ALL,,Kingpin Supply,Medical Supplies and Sterilization Equipment,,TRUE,Title,Default Title,,,,,,,,,deny,manual,3,,TRUE,TRUE,,,,,FALSE,,,,,,,,,,,,,,,,,lb,,,active
protective-eyeglasses,PROTECTIVE EYEGLASSES,,Kingpin Supply,Medical Supplies and Sterilization Equipment,,TRUE,Title,Default Title,,,,,,,,,deny,manual,3,,TRUE,TRUE,,,,,FALSE,,,,,,,,,,,,,,,,,lb,,,active
disposable-nail-brush,DISPOSABLE NAIL BRUSH,,Kingpin Supply,Medical Supplies and Sterilization Equipment,,TRUE,Title,Default Title,,,,,,,,,deny,manual,0.75,,TRUE,TRUE,,,,,FALSE,,,,,,,,,,,,,,,,,lb,,,active
tube-cleaning-brush,TUBE CLEANING BRUSH,,Kingpin Supply,Medical Supplies and Sterilization Equipment,,TRUE,Title,Default Title,,,,,,,,,deny,manual,2.5,,TRUE,TRUE,,,,,FALSE,,,,,,,,,,,,,,,,,lb,,,active
disposable-tip-cleaning-brush,DISPOSABLE TIP CLEANING BRUSH,,Kingpin Supply,Medical Supplies and Sterilization Equipment,,TRUE,Title,Default Title,,,,,,,,,deny,manual,22.5,,TRUE,TRUE,,,,,FALSE,,,,,,,,,,,,,,,,,lb,,,active
madacide-fd-gallon,MADACIDE FD Gallon,,Kingpin Supply,Medical Supplies and Sterilization Equipment,,TRUE,Title,Default Title,,,,,,,,,deny,manual,26.95,,TRUE,TRUE,,,,,FALSE,,,,,,,,,,,,,,,,,lb,,,active
madacide-fd-gallon-quart,MADACIDE FD Gallon Quart,,Kingpin Supply,Medical Supplies and Sterilization Equipment,,TRUE,Title,Default Title,,,,,,,,,deny,manual,11.95,,TRUE,TRUE,,,,,FALSE,,,,,,,,,,,,,,,,,lb,,,active
lysol-brand-iii-i-c-disinfectant-spray,LYSOL BRAND III I.C. DISINFECTANT SPRAY,,Kingpin Supply,Medical Supplies and Sterilization Equipment,,TRUE,Title,Default Title,,,,,,,,,deny,manual,11.5,,TRUE,TRUE,,,,,FALSE,,,,,,,,,,,,,,,,,lb,,,active
sani-cloth-af3-clear-blue-top,SANI-CLOTH AF3 “CLEAR BLUE TOP”,,Kingpin Supply,Medical Supplies and Sterilization Equipment,,TRUE,Title,Default Title,,,,,,,,,deny,manual,9.5,,TRUE,TRUE,,,,,FALSE,,,,,,,,,,,,,,,,,lb,,,active
sani-cloth-super-sani-cloth-purple-top,SANI-CLOTH SUPER SANI-CLOTH “PURPLE TOP”,,Kingpin Supply,Medical Supplies and Sterilization Equipment,,TRUE,Title,Default Title,,,,,,,,,deny,manual,9.5,,TRUE,TRUE,,,,,FALSE,,,,,,,,,,,,,,,,,lb,,,active
sani-cloth-sani-hands-alc,SANI-CLOTH SANI-HANDS ALC,,Kingpin Supply,Medical Supplies and Sterilization Equipment,,TRUE,Title,Default Title,,,,,,,,,deny,manual,7.5,,TRUE,TRUE,,,,,FALSE,,,,,,,,,,,,,,,,,lb,,,active
opti-cide-3-max-6-x-6-160-tub,OPTI-CIDE 3 MAX 6” x 6” 160/tub,,Kingpin Supply,Medical Supplies and Sterilization Equipment,,TRUE,Title,Default Title,,,,,,,,,deny,manual,10.5,,TRUE,TRUE,,,,,FALSE,,,,,,,,,,,,,,,,,lb,,,active
opti-cide-3-max-9-x-12-65-tub,OPTI-CIDE 3 MAX 9” x 12” 65/tub,,Kingpin Supply,Medical Supplies and Sterilization Equipment,,TRUE,Title,Default Title,,,,,,,,,deny,manual,10.5,,TRUE,TRUE,,,,,FALSE,,,,,,,,,,,,,,,,,lb,,,active
opti-cide-3-max-24oz-spray-bottle,OPTI-CIDE 3 MAX 24oz Spray Bottle,,Kingpin Supply,Medical Supplies and Sterilization Equipment,,TRUE,Title,Default Title,,,,,,,,,deny,manual,9.25,,TRUE,TRUE,,,,,FALSE,,,,,,,,,,,,,,,,,lb,,,active
opti-cide-3-max-1-gallon,OPTI-CIDE 3 MAX 1 Gallon,,Kingpin Supply,Medical Supplies and Sterilization Equipment,,TRUE,Title,Default Title,,,,,,,,,deny,manual,24.95,,TRUE,TRUE,,,,,FALSE,,,,,,,,,,,,,,,,,lb,,,active
witch-hazel,WITCH HAZEL,,Kingpin Supply,Medical Supplies and Sterilization Equipment,,TRUE,Title,Default Title,,,,,,,,,deny,manual,3,,TRUE,TRUE,,,,,FALSE,,,,,,,,,,,,,,,,,lb,,,active
benzalkonium-chloride-towelettes,BENZALKONIUM CHLORIDE TOWELETTES,,Kingpin Supply,Medical Supplies and Sterilization Equipment,,TRUE,Title,Default Title,,,,,,,,,deny,manual,2.95,,TRUE,TRUE,,,,,FALSE,,,,,,,,,,,,,,,,,lb,,,active
sterile-saline-wipes,STERILE SALINE WIPES,,Kingpin Supply,Medical Supplies and Sterilization Equipment,,TRUE,Title,Default Title,,,,,,,,,deny,manual,4.99,,TRUE,TRUE,,,,,FALSE,,,,,,,,,,,,,,,,,lb,,,active
prep-pads-alcohol,PREP PADS Alcohol,,Kingpin Supply,Medical Supplies and Sterilization Equipment,,TRUE,Title,Default Title,,,,,,,,,deny,manual,2.75,,TRUE,TRUE,,,,,FALSE,,,,,,,,,,,,,,,,,lb,,,active
prep-pads-large-alcohol,PREP PADS Large Alcohol,,Kingpin Supply,Medical Supplies and Sterilization Equipment,,TRUE,Title,Default Title,,,,,,,,,deny,manual,2.99,,TRUE,TRUE,,,,,FALSE,,,,,,,,,,,,,,,,,lb,,,active
prep-pads-povidone-iodine,PREP PADS Povidone Iodine,,Kingpin Supply,Medical Supplies and Sterilization Equipment,,TRUE,Title,Default Title,,,,,,,,,deny,manual,5.5,,TRUE,TRUE,,,,,FALSE,,,,,,,,,,,,,,,,,lb,,,active
chlorascrub-prep-pad,CHLORASCRUB PREP PAD,,Kingpin Supply,Medical Supplies and Sterilization Equipment,,TRUE,Title,Default Title,,,,,,,,,deny,manual,18.5,,TRUE,TRUE,,,,,FALSE,,,,,,,,,,,,,,,,,lb,,,active
swab-sticks-alcohol,SWAB STICKS Alcohol,,Kingpin Supply,Medical Supplies and Sterilization Equipment,,TRUE,Title,Default Title,,,,,,,,,deny,manual,7.5,,TRUE,TRUE,,,,,FALSE,,,,,,,,,,,,,,,,,lb,,,active
swab-sticks-povidone-iodine,SWAB STICKS Povidone Iodine,,Kingpin Supply,Medical Supplies and Sterilization Equipment,,TRUE,Title,Default Title,,,,,,,,,deny,manual,8.5,,TRUE,TRUE,,,,,FALSE,,,,,,,,,,,,,,,,,lb,,,active
vionex-antimicrobial-soap-18oz,VIONEX ANTIMICROBIAL SOAP 18oz,,Kingpin Supply,Medical Supplies and Sterilization Equipment,,TRUE,Title,Default Title,,,,,,,,,deny,manual,12,,TRUE,TRUE,,,,,FALSE,,,,,,,,,,,,,,,,,lb,,,active
vionex-antimicrobial-soap-gallon,VIONEX ANTIMICROBIAL SOAP Gallon,,Kingpin Supply,Medical Supplies and Sterilization Equipment,,TRUE,Title,Default Title,,,,,,,,,deny,manual,37.5,,TRUE,TRUE,,,,,FALSE,,,,,,,,,,,,,,,,,lb,,,active
intenze-tattoo-cleanze,INTENZE TATTOO CLEANZE,,Kingpin Supply,Medical Supplies and Sterilization Equipment,,TRUE,Title,Default Title,,,,,,,,,deny,manual,16.5,,TRUE,TRUE,,,,,FALSE,,,,,,,,,,,,,,,,,lb,,,active
green-soap-gallon,GREEN SOAP gallon,,Kingpin Supply,Medical Supplies and Sterilization Equipment,,TRUE,Title,Default Title,,,,,,,,,deny,manual,14.95,,TRUE,TRUE,,,,,FALSE,,,,,,,,,,,,,,,,,lb,,,active
green-soap-pint,GREEN SOAP pint,,Kingpin Supply,Medical Supplies and Sterilization Equipment,,TRUE,Title,Default Title,,,,,,,,,deny,manual,4.95,,TRUE,TRUE,,,,,FALSE,,,,,,,,,,,,,,,,,lb,,,active
opti-scrub-gallon-gallon,OPTI-SCRUB Gallon Gallon,,Kingpin Supply,Medical Supplies and Sterilization Equipment,,TRUE,Title,Default Title,,,,,,,,,deny,manual,28.5,,TRUE,TRUE,,,,,FALSE,,,,,,,,,,,,,,,,,lb,,,active
opti-scrub-2oz-bottle,OPTI-SCRUB 2oz Bottle,,Kingpin Supply,Medical Supplies and Sterilization Equipment,,TRUE,Title,Default Title,,,,,,,,,deny,manual,3.25,,TRUE,TRUE,,,,,FALSE,,,,,,,,,,,,,,,,,lb,,,active
opti-scrub-18oz-pump,OPTI-SCRUB 18oz Pump,,Kingpin Supply,Medical Supplies and Sterilization Equipment,,TRUE,Title,Default Title,,,,,,,,,deny,manual,9.5,,TRUE,TRUE,,,,,FALSE,,,,,,,,,,,,,,,,,lb,,,active
med-tatt-tattoo-wipes,MED TATT TATTOO WIPES,,Kingpin Supply,Medical Supplies and Sterilization Equipment,,TRUE,Title,Default Title,,,,,,,,,deny,manual,3.5,,TRUE,TRUE,,,,,FALSE,,,,,,,,,,,,,,,,,lb,,,active
medtatt-antimicrobial-skin-cleanser-8oz,MEDTATT ANTIMICROBIAL SKIN CLEANSER 8oz,,Kingpin Supply,Medical Supplies and Sterilization Equipment,,TRUE,Title,Default Title,,,,,,,,,deny,manual,7.5,,TRUE,TRUE,,,,,FALSE,,,,,,,,,,,,,,,,,lb,,,active
medtatt-antimicrobial-skin-cleanser-16oz,MEDTATT ANTIMICROBIAL SKIN CLEANSER 16oz,,Kingpin Supply,Medical Supplies and Sterilization Equipment,,TRUE,Title,Default Title,,,,,,,,,deny,manual,13,,TRUE,TRUE,,,,,FALSE,,,,,,,,,,,,,,,,,lb,,,active
fade-the-itch,FADE THE ITCH,,Kingpin Supply,Medical Supplies and Sterilization Equipment,,TRUE,Title,Default Title,,,,,,,,,deny,manual,4.95,,TRUE,TRUE,,,,,FALSE,,,,,,,,,,,,,,,,,lb,,,active
a-d-ointment-13oz-jar,A & D OINTMENT 13oz jar,,Kingpin Supply,Medical Supplies and Sterilization Equipment,,TRUE,Title,Default Title,,,,,,,,,deny,manual,4.5,,TRUE,TRUE,,,,,FALSE,,,,,,,,,,,,,,,,,lb,,,active
a-d-ointment-2oz-tube,A & D OINTMENT 2oz tube,,Kingpin Supply,Medical Supplies and Sterilization Equipment,,TRUE,Title,Default Title,,,,,,,,,deny,manual,2.25,,TRUE,TRUE,,,,,FALSE,,,,,,,,,,,,,,,,,lb,,,active
a-d-ointment-4oz-tube,A & D OINTMENT 4oz tube,,Kingpin Supply,Medical Supplies and Sterilization Equipment,,TRUE,Title,Default Title,,,,,,,,,deny,manual,3.25,,TRUE,TRUE,,,,,FALSE,,,,,,,,,,,,,,,,,lb,,,active
a-d-ointment-foil-packs,A & D OINTMENT Foil packs,,Kingpin Supply,Medical Supplies and Sterilization Equipment,,TRUE,Title,Default Title,,,,,,,,,deny,manual,11.5,,TRUE,TRUE,,,,,FALSE,,,,,,,,,,,,,,,,,lb,,,active
tac-spf-tattoo-lotion,TAC- SPF TATTOO LOTION,,Kingpin Supply,Medical Supplies and Sterilization Equipment,,TRUE,Title,Default Title,,,,,,,,,deny,manual,19.99,,TRUE,TRUE,,,,,FALSE,,,,,,,,,,,,,,,,,lb,,,active
wound-wash-piercing-aftercare-6oz,WOUND WASH PIERCING AFTERCARE 6oz,,Kingpin Supply,Medical Supplies and Sterilization Equipment,,TRUE,Title,Default Title,,,,,,,,,deny,manual,8.5,,TRUE,TRUE,,,,,FALSE,,,,,,,,,,,,,,,,,lb,,,active
aquaphor,AQUAPHOR,,Kingpin Supply,Medical Supplies and Sterilization Equipment,,TRUE,Title,Default Title,,,,,,,,,deny,manual,39,,TRUE,TRUE,,,,,FALSE,,,,,,,,,,,,,,,,,lb,,,active
bacitracin-ointment-1-gram-pack,BACITRACIN OINTMENT 1 gram pack,,Kingpin Supply,Medical Supplies and Sterilization Equipment,,TRUE,Title,Default Title,,,,,,,,,deny,manual,13.95,,TRUE,TRUE,,,,,FALSE,,,,,,,,,,,,,,,,,lb,,,active
bacitracin-ointment-1-2oz-tube,BACITRACIN OINTMENT 1/2oz tube,,Kingpin Supply,Medical Supplies and Sterilization Equipment,,TRUE,Title,Default Title,,,,,,,,,deny,manual,2.5,,TRUE,TRUE,,,,,FALSE,,,,,,,,,,,,,,,,,lb,,,active
bacitracin-ointment-1oz-tube,BACITRACIN OINTMENT 1oz tube,,Kingpin Supply,Medical Supplies and Sterilization Equipment,,TRUE,Title,Default Title,,,,,,,,,deny,manual,3,,TRUE,TRUE,,,,,FALSE,,,,,,,,,,,,,,,,,lb,,,active
sterile-lubricating-jelly,STERILE LUBRICATING JELLY,,Kingpin Supply,Medical Supplies and Sterilization Equipment,,TRUE,Title,Default Title,,,,,,,,,deny,manual,10.95,,TRUE,TRUE,,,,,FALSE,,,,,,,,,,,,,,,,,lb,,,active
sterile-lubricating-jelly-4oz-tube,STERILE LUBRICATING JELLY 4oz tube,,Kingpin Supply,Medical Supplies and Sterilization Equipment,,TRUE,Title,Default Title,,,,,,,,,deny,manual,2.5,,TRUE,TRUE,,,,,FALSE,,,,,,,,,,,,,,,,,lb,,,active
petroleum-jelly-13oz-jar,PETROLEUM JELLY 13oz jar,,Kingpin Supply,Medical Supplies and Sterilization Equipment,,TRUE,Title,Default Title,,,,,,,,,deny,manual,3.95,,TRUE,TRUE,,,,,FALSE,,,,,,,,,,,,,,,,,lb,,,active
petroleum-jelly-5-gram-packs,PETROLEUM JELLY 5 gram packs,,Kingpin Supply,Medical Supplies and Sterilization Equipment,,TRUE,Title,Default Title,,,,,,,,,deny,manual,11.5,,TRUE,TRUE,,,,,FALSE,,,,,,,,,,,,,,,,,lb,,,active
lubriderm-lotion,LUBRIDERM LOTION,,Kingpin Supply,Medical Supplies and Sterilization Equipment,,TRUE,Title,Default Title,,,,,,,,,deny,manual,4.95,,TRUE,TRUE,,,,,FALSE,,,,,,,,,,,,,,,,,lb,,,active
lubriderm-lotion-12-1oz-bottles,LUBRIDERM LOTION 12 - 1oz bottles,,Kingpin Supply,Medical Supplies and Sterilization Equipment,,TRUE,Title,Default Title,,,,,,,,,deny,manual,17.95,,TRUE,TRUE,,,,,FALSE,,,,,,,,,,,,,,,,,lb,,,active
tattoo-anesthetic-cream,TATTOO ANESTHETIC CREAM,,Kingpin Supply,Medical Supplies and Sterilization Equipment,,TRUE,Title,Default Title,,,,,,,,,deny,manual,49.99,,TRUE,TRUE,,,,,FALSE,,,,,,,,,,,,,,,,,lb,,,active
vasocaine,VASOCAINE,,Kingpin Supply,Medical Supplies and Sterilization Equipment,,TRUE,Title,Default Title,,,,,,,,,deny,manual,42,,TRUE,TRUE,,,,,FALSE,,,,,,,,,,,,,,,,,lb,,,active
bactine-squeeze-bottle-4oz,Bactine Squeeze bottle 4oz,,Kingpin Supply,Medical Supplies and Sterilization Equipment,,TRUE,Title,Default Title,,,,,,,,,deny,manual,5.95,,TRUE,TRUE,,,,,FALSE,,,,,,,,,,,,,,,,,lb,,,active
bactine-5oz-spray-bottle,Bactine 5oz Spray bottle,,Kingpin Supply,Medical Supplies and Sterilization Equipment,,TRUE,Title,Default Title,,,,,,,,,deny,manual,7.5,,TRUE,TRUE,,,,,FALSE,,,,,,,,,,,,,,,,,lb,,,active
bluegel,BLUEGEL,,Kingpin Supply,Medical Supplies and Sterilization Equipment,,TRUE,Title,Default Title,,,,,,,,,deny,manual,40,,TRUE,TRUE,,,,,FALSE,,,,,,,,,,,,,,,,,lb,,,active
proplus,PROPLUS,,Kingpin Supply,Medical Supplies and Sterilization Equipment,,TRUE,Title,Default Title,,,,,,,,,deny,manual,37.5,,TRUE,TRUE,,,,,FALSE,,,,,,,,,,,,,,,,,lb,,,active
super-t,SUPER T,,Kingpin Supply,Medical Supplies and Sterilization Equipment,,TRUE,Title,Default Title,,,,,,,,,deny,manual,37.5,,TRUE,TRUE,,,,,FALSE,,,,,,,,,,,,,,,,,lb,,,active
hush-anesthetic-2oz-gel,HUSH ANESTHETIC 2oz Gel,,Kingpin Supply,Medical Supplies and Sterilization Equipment,,TRUE,Title,Default Title,,,,,,,,,deny,manual,25.99,,TRUE,TRUE,,,,,FALSE,,,,,,,,,,,,,,,,,lb,,,active
hush-anesthetic-4oz-ge,HUSH ANESTHETIC 4oz Ge,,Kingpin Supply,Medical Supplies and Sterilization Equipment,,TRUE,Title,Default Title,,,,,,,,,deny,manual,45.99,,TRUE,TRUE,,,,,FALSE,,,,,,,,,,,,,,,,,lb,,,active
hush-anesthetic-1-7oz-foam,HUSH ANESTHETIC 1.7oz Foam,,Kingpin Supply,Medical Supplies and Sterilization Equipment,,TRUE,Title,Default Title,,,,,,,,,deny,manual,14.99,,TRUE,TRUE,,,,,FALSE,,,,,,,,,,,,,,,,,lb,,,active
hush-anesthetic-2oz-spray,HUSH ANESTHETIC 2oz Spray,,Kingpin Supply,Medical Supplies and Sterilization Equipment,,TRUE,Title,Default Title,,,,,,,,,deny,manual,25.99,,TRUE,TRUE,,,,,FALSE,,,,,,,,,,,,,,,,,lb,,,active
hush-anesthetic-4oz-spray,HUSH ANESTHETIC 4oz Spray,,Kingpin Supply,Medical Supplies and Sterilization Equipment,,TRUE,Title,Default Title,,,,,,,,,deny,manual,45.99,,TRUE,TRUE,,,,,FALSE,,,,,,,,,,,,,,,,,lb,,,active
dettol,DETTOL,,Kingpin Supply,Medical Supplies and Sterilization Equipment,,TRUE,Title,Default Title,,,,,,,,,deny,manual,10.95,,TRUE,TRUE,,,,,FALSE,,,,,,,,,,,,,,,,,lb,,,active
derma-numb-1oz-spray-bottle,DERMA NUMB 1oz Spray bottle,,Kingpin Supply,Medical Supplies and Sterilization Equipment,,TRUE,Title,Default Title,,,,,,,,,deny,manual,11.95,,TRUE,TRUE,,,,,FALSE,,,,,,,,,,,,,,,,,lb,,,active
derma-numb-4oz-spray-bottle,DERMA NUMB 4oz Spray bottle,,Kingpin Supply,Medical Supplies and Sterilization Equipment,,TRUE,Title,Default Title,,,,,,,,,deny,manual,26,,TRUE,TRUE,,,,,FALSE,,,,,,,,,,,,,,,,,lb,,,active
adenna-sterilization-pouches-2-1-4-x-2-3-4,ADENNA STERILIZATION POUCHES 2 1/4” x 2 3/4”,,Kingpin Supply,Medical Supplies and Sterilization Equipment,,TRUE,Title,Default Title,,,,,,,,,deny,manual,6.5,,TRUE,TRUE,,,,,FALSE,,,,,,,,,,,,,,,,,lb,,,active
adenna-sterilization-pouches-2-1-4-x-4,ADENNA STERILIZATION POUCHES 2 1/4” x 4”,,Kingpin Supply,Medical Supplies and Sterilization Equipment,,TRUE,Title,Default Title,,,,,,,,,deny,manual,6,,TRUE,TRUE,,,,,FALSE,,,,,,,,,,,,,,,,,lb,,,active
adenna-sterilization-pouches-2-x-8,ADENNA STERILIZATION POUCHES 2” x 8”,,Kingpin Supply,Medical Supplies and Sterilization Equipment,,TRUE,Title,Default Title,,,,,,,,,deny,manual,6.95,,TRUE,TRUE,,,,,FALSE,,,,,,,,,,,,,,,,,lb,,,active
adenna-sterilization-pouches-2-3-4-x-9,ADENNA STERILIZATION POUCHES 2 3/4” x 9”,,Kingpin Supply,Medical Supplies and Sterilization Equipment,,TRUE,Title,Default Title,,,,,,,,,deny,manual,7.5,,TRUE,TRUE,,,,,FALSE,,,,,,,,,,,,,,,,,lb,,,active
adenna-sterilization-pouches-31-2-x-51-4,"ADENNA STERILIZATION POUCHES 31/2"" x 51/4",,Kingpin Supply,Medical Supplies and Sterilization Equipment,,TRUE,Title,Default Title,,,,,,,,,deny,manual,6.25,,TRUE,TRUE,,,,,FALSE,,,,,,,,,,,,,,,,,lb,,,active
adenna-sterilization-pouches-3-1-2-x-9,ADENNA STERILIZATION POUCHES 3 1/2” x 9”,,Kingpin Supply,Medical Supplies and Sterilization Equipment,,TRUE,Title,Default Title,,,,,,,,,deny,manual,7.75,,TRUE,TRUE,,,,,FALSE,,,,,,,,,,,,,,,,,lb,,,active
adenna-sterilization-pouches-5-1-4-x-7-1-2,ADENNA STERILIZATION POUCHES 5 1/4” x 7 1/2”,,Kingpin Supply,Medical Supplies and Sterilization Equipment,,TRUE,Title,Default Title,,,,,,,,,deny,manual,11.75,,TRUE,TRUE,,,,,FALSE,,,,,,,,,,,,,,,,,lb,,,active
adenna-sterilization-pouches-5-1-4-x-10,ADENNA STERILIZATION POUCHES 5 1/4” x 10”,,Kingpin Supply,Medical Supplies and Sterilization Equipment,,TRUE,Title,Default Title,,,,,,,,,deny,manual,11.75,,TRUE,TRUE,,,,,FALSE,,,,,,,,,,,,,,,,,lb,,,active
surgical-tapes-3m-durapore-cloth-tape-1,SURGICAL TAPES 3M Durapore Cloth Tape - 1”,,Kingpin Supply,Medical Supplies and Sterilization Equipment,,TRUE,Title,Default Title,,,,,,,,,deny,manual,14,,TRUE,TRUE,,,,,FALSE,,,,,,,,,,,,,,,,,lb,,,active
surgical-tapes-3m-durapore-cloth-tape-1-2,SURGICAL TAPES 3M Durapore Cloth Tape - 1/2”,,Kingpin Supply,Medical Supplies and Sterilization Equipment,,TRUE,Title,Default Title,,,,,,,,,deny,manual,14,,TRUE,TRUE,,,,,FALSE,,,,,,,,,,,,,,,,,lb,,,active
surgical-tapes-3m-micropore-paper-tape-1,SURGICAL TAPES 3M Micropore Paper Tape - 1”,,Kingpin Supply,Medical Supplies and Sterilization Equipment,,TRUE,Title,Default Title,,,,,,,,,deny,manual,11,,TRUE,TRUE,,,,,FALSE,,,,,,,,,,,,,,,,,lb,,,active
surgical-tapes-3m-micropore-paper-tape-1-2,SURGICAL TAPES 3M Micropore Paper Tape - 1/2”,,Kingpin Supply,Medical Supplies and Sterilization Equipment,,TRUE,Title,Default Title,,,,,,,,,deny,manual,11,,TRUE,TRUE,,,,,FALSE,,,,,,,,,,,,,,,,,lb,,,active
surgical-tapes-3m-transpore-clear-tape-1,SURGICAL TAPES 3M Transpore Clear Tape - 1”,,Kingpin Supply,Medical Supplies and Sterilization Equipment,,TRUE,Title,Default Title,,,,,,,,,deny,manual,15,,TRUE,TRUE,,,,,FALSE,,,,,,,,,,,,,,,,,lb,,,active
surgical-tapes-3m-transpore-clear-tape-1-2,SURGICAL TAPES 3M Transpore Clear Tape - 1/2”,,Kingpin Supply,Medical Supplies and Sterilization Equipment,,TRUE,Title,Default Title,,,,,,,,,deny,manual,15,,TRUE,TRUE,,,,,FALSE,,,,,,,,,,,,,,,,,lb,,,active
surgical-tapes-cloth-surgical-tape-1,SURGICAL TAPES Cloth Surgical Tape - 1”,,Kingpin Supply,Medical Supplies and Sterilization Equipment,,TRUE,Title,Default Title,,,,,,,,,deny,manual,12,,TRUE,TRUE,,,,,FALSE,,,,,,,,,,,,,,,,,lb,,,active
surgical-tapes-cloth-surgical-tape-1-2,SURGICAL TAPES Cloth Surgical Tape - 1/2”,,Kingpin Supply,Medical Supplies and Sterilization Equipment,,TRUE,Title,Default Title,,,,,,,,,deny,manual,12,,TRUE,TRUE,,,,,FALSE,,,,,,,,,,,,,,,,,lb,,,active
surgical-tapes-paper-surgical-tape-1,SURGICAL TAPES Paper Surgical Tape - 1”,,Kingpin Supply,Medical Supplies and Sterilization Equipment,,TRUE,Title,Default Title,,,,,,,,,deny,manual,8.5,,TRUE,TRUE,,,,,FALSE,,,,,,,,,,,,,,,,,lb,,,active
surgical-tapes-paper-surgical-tape-1-2,SURGICAL TAPES Paper Surgical Tape - 1/2”,,Kingpin Supply,Medical Supplies and Sterilization Equipment,,TRUE,Title,Default Title,,,,,,,,,deny,manual,8.5,,TRUE,TRUE,,,,,FALSE,,,,,,,,,,,,,,,,,lb,,,active
surgical-tapes-clear-surgical-tape-1,SURGICAL TAPES Clear Surgical Tape - 1”,,Kingpin Supply,Medical Supplies and Sterilization Equipment,,TRUE,Title,Default Title,,,,,,,,,deny,manual,12.5,,TRUE,TRUE,,,,,FALSE,,,,,,,,,,,,,,,,,lb,,,active
surgical-tapes-clear-surgical-tape-1-2,SURGICAL TAPES Clear Surgical Tape - 1/2”,,Kingpin Supply,Medical Supplies and Sterilization Equipment,,TRUE,Title,Default Title,,,,,,,,,deny,manual,12.5,,TRUE,TRUE,,,,,FALSE,,,,,,,,,,,,,,,,,lb,,,active
cohesive-bandages-1-x-5-yards-assorted-colors,COHESIVE BANDAGES 1” x 5 Yards - Assorted Colors,,Kingpin Supply,Medical Supplies and Sterilization Equipment,,TRUE,Title,Default Title,,,,,,,,,deny,manual,13.95,,TRUE,TRUE,,,,,FALSE,,,,,,,,,,,,,,,,,lb,,,active
cohesive-bandages-1-x-5-yards-black,COHESIVE BANDAGES 1” x 5 Yards - Black,,Kingpin Supply,Medical Supplies and Sterilization Equipment,,TRUE,Title,Default Title,,,,,,,,,deny,manual,15.95,,TRUE,TRUE,,,,,FALSE,,,,,,,,,,,,,,,,,lb,,,active
cohesive-bandages-2-x-5-yards-assorted-colors,COHESIVE BANDAGES 2” x 5 Yards - Assorted Colors,,Kingpin Supply,Medical Supplies and Sterilization Equipment,,TRUE,Title,Default Title,,,,,,,,,deny,manual,32.95,,TRUE,TRUE,,,,,FALSE,,,,,,,,,,,,,,,,,lb,,,active
cohesive-bandages-2-x-5-yards-black,COHESIVE BANDAGES 2” x 5 Yards - Black,,Kingpin Supply,Medical Supplies and Sterilization Equipment,,TRUE,Title,Default Title,,,,,,,,,deny,manual,33.95,,TRUE,TRUE,,,,,FALSE,,,,,,,,,,,,,,,,,lb,,,active
cohesive-bandages-3-x-5-yards-assorted-colors,COHESIVE BANDAGES 3” x 5 Yards - Assorted Colors,,Kingpin Supply,Medical Supplies and Sterilization Equipment,,TRUE,Title,Default Title,,,,,,,,,deny,manual,33.95,,TRUE,TRUE,,,,,FALSE,,,,,,,,,,,,,,,,,lb,,,active
cohesive-bandages-4-x-5-yards-assorted-colors,COHESIVE BANDAGES 4” x 5 Yards - Assorted Colors,,Kingpin Supply,Medical Supplies and Sterilization Equipment,,TRUE,Title,Default Title,,,,,,,,,deny,manual,29,,TRUE,TRUE,,,,,FALSE,,,,,,,,,,,,,,,,,lb,,,active
dressing-retainers-size-3-9-x-25-yards,DRESSING RETAINERS SIZE 3: 9” x 25 Yards,,Kingpin Supply,Medical Supplies and Sterilization Equipment,,TRUE,Title,Default Title,,,,,,,,,deny,manual,12,,TRUE,TRUE,,,,,FALSE,,,,,,,,,,,,,,,,,lb,,,active
dressing-retainers-size-4-11-x-25-yards,DRESSING RETAINERS SIZE 4: 11” x 25 Yards,,Kingpin Supply,Medical Supplies and Sterilization Equipment,,TRUE,Title,Default Title,,,,,,,,,deny,manual,13,,TRUE,TRUE,,,,,FALSE,,,,,,,,,,,,,,,,,lb,,,active
dressing-retainers-size-4-12-x-25-yards,DRESSING RETAINERS SIZE 4: 12” x 25 Yards,,Kingpin Supply,Medical Supplies and Sterilization Equipment,,TRUE,Title,Default Title,,,,,,,,,deny,manual,13,,TRUE,TRUE,,,,,FALSE,,,,,,,,,,,,,,,,,lb,,,active
gauze-sponges-2-x-2-non-sterile,GAUZE SPONGES 2” x 2” Non-Sterile,,Kingpin Supply,Medical Supplies and Sterilization Equipment,,TRUE,Title,Default Title,,,,,,,,,deny,manual,2.5,,TRUE,TRUE,,,,,FALSE,,,,,,,,,,,,,,,,,lb,,,active
gauze-sponges-2-x-2-sterile,GAUZE SPONGES 2” x 2” Sterile,,Kingpin Supply,Medical Supplies and Sterilization Equipment,,TRUE,Title,Default Title,,,,,,,,,deny,manual,2.95,,TRUE,TRUE,,,,,FALSE,,,,,,,,,,,,,,,,,lb,,,active
gauze-sponges-3-x-3-non-sterile,GAUZE SPONGES 3” x 3” Non-Sterile,,Kingpin Supply,Medical Supplies and Sterilization Equipment,,TRUE,Title,Default Title,,,,,,,,,deny,manual,3.5,,TRUE,TRUE,,,,,FALSE,,,,,,,,,,,,,,,,,lb,,,active
gauze-sponges-3-x-3-sterile,GAUZE SPONGES 3” x 3” Sterile,,Kingpin Supply,Medical Supplies and Sterilization Equipment,,TRUE,Title,Default Title,,,,,,,,,deny,manual,4.5,,TRUE,TRUE,,,,,FALSE,,,,,,,,,,,,,,,,,lb,,,active
gauze-sponges-4-x-4-non-sterile,GAUZE SPONGES 4” x 4” Non-Sterile,,Kingpin Supply,Medical Supplies and Sterilization Equipment,,TRUE,Title,Default Title,,,,,,,,,deny,manual,4.5,,TRUE,TRUE,,,,,FALSE,,,,,,,,,,,,,,,,,lb,,,active
gauze-sponges-4-x-4-sterile,GAUZE SPONGES 4” x 4” Sterile,,Kingpin Supply,Medical Supplies and Sterilization Equipment,,TRUE,Title,Default Title,,,,,,,,,deny,manual,4.5,,TRUE,TRUE,,,,,FALSE,,,,,,,,,,,,,,,,,lb,,,active
non-adherent-sterile-pads-3-x-4,NON-ADHERENT STERILE PADS 3” x 4”,,Kingpin Supply,Medical Supplies and Sterilization Equipment,,TRUE,Title,Default Title,,,,,,,,,deny,manual,79,,TRUE,TRUE,,,,,FALSE,,,,,,,,,,,,,,,,,lb,,,active
non-adherent-sterile-pads-3-x-8,NON-ADHERENT STERILE PADS 3” x 8”,,Kingpin Supply,Medical Supplies and Sterilization Equipment,,TRUE,Title,Default Title,,,,,,,,,deny,manual,11.95,,TRUE,TRUE,,,,,FALSE,,,,,,,,,,,,,,,,,lb,,,active
non-adherent-sterile-pads-8-x-10,NON-ADHERENT STERILE PADS 8” x 10”,,Kingpin Supply,Medical Supplies and Sterilization Equipment,,TRUE,Title,Default Title,,,,,,,,,deny,manual,26.95,,TRUE,TRUE,,,,,FALSE,,,,,,,,,,,,,,,,,lb,,,active
non-woven-gauze-sponges-2-x-2-non-sterile,NON-WOVEN GAUZE SPONGES 2” x 2” Non-Sterile,,Kingpin Supply,Medical Supplies and Sterilization Equipment,,TRUE,Title,Default Title,,,,,,,,,deny,manual,2.5,,TRUE,TRUE,,,,,FALSE,,,,,,,,,,,,,,,,,lb,,,active
non-woven-gauze-sponges-2-x-2-steril,NON-WOVEN GAUZE SPONGES 2” x 2” Steril,,Kingpin Supply,Medical Supplies and Sterilization Equipment,,TRUE,Title,Default Title,,,,,,,,,deny,manual,1.75,,TRUE,TRUE,,,,,FALSE,,,,,,,,,,,,,,,,,lb,,,active
non-woven-gauze-sponges-4-x-4-non-sterile,NON-WOVEN GAUZE SPONGES 4” x 4” Non-Sterile,,Kingpin Supply,Medical Supplies and Sterilization Equipment,,TRUE,Title,Default Title,,,,,,,,,deny,manual,4.95,,TRUE,TRUE,,,,,FALSE,,,,,,,,,,,,,,,,,lb,,,active
non-woven-gauze-sponges-4-x-4-sterile,NON-WOVEN GAUZE SPONGES 4” x 4” Sterile,,Kingpin Supply,Medical Supplies and Sterilization Equipment,,TRUE,Title,Default Title,,,,,,,,,deny,manual,3.75,,TRUE,TRUE,,,,,FALSE,,,,,,,,,,,,,,,,,lb,,,active
saniderm-tattoo-adhesive-film-6-x-8yd,SANIDERM TATTOO ADHESIVE FILM 6” x 8yd,,Kingpin Supply,Medical Supplies and Sterilization Equipment,,TRUE,Title,Default Title,,,,,,,,,deny,manual,35.95,,TRUE,TRUE,,,,,FALSE,,,,,,,,,,,,,,,,,lb,,,active
saniderm-tattoo-adhesive-film-10-x-8yd,SANIDERM TATTOO ADHESIVE FILM 10” x 8yd,,Kingpin Supply,Medical Supplies and Sterilization Equipment,,TRUE,Title,Default Title,,,,,,,,,deny,manual,45.95,,TRUE,TRUE,,,,,FALSE,,,,,,,,,,,,,,,,,lb,,,active
saniderm-tattoo-adhesive-film-10-x-2yd,SANIDERM TATTOO ADHESIVE FILM 10” x 2yd,,Kingpin Supply,Medical Supplies and Sterilization Equipment,,TRUE,Title,Default Title,,,,,,,,,deny,manual,16.95,,TRUE,TRUE,,,,,FALSE,,,,,,,,,,,,,,,,,lb,,,active
saniderm-tattoo-adhesive-film-4-x-8yd,SANIDERM TATTOO ADHESIVE FILM 4” x 8yd,,Kingpin Supply,Medical Supplies and Sterilization Equipment,,TRUE,Title,Default Title,,,,,,,,,deny,manual,31.95,,TRUE,TRUE,,,,,FALSE,,,,,,,,,,,,,,,,,lb,,,active
saniderm-tattoo-adhesive-film-8-x-8yd,SANIDERM TATTOO ADHESIVE FILM 8” x 8yd,,Kingpin Supply,Medical Supplies and Sterilization Equipment,,TRUE,Title,Default Title,,,,,,,,,deny,manual,39.95,,TRUE,TRUE,,,,,FALSE,,,,,,,,,,,,,,,,,lb,,,active
black-powder-solidifier-25ml-ja,BLACK POWDER SOLIDIFIER 25ml Ja,,Kingpin Supply,Medical Supplies and Sterilization Equipment,,TRUE,Title,Default Title,,,,,,,,,deny,manual,3.5,,TRUE,TRUE,,,,,FALSE,,,,,,,,,,,,,,,,,lb,,,active
black-powder-solidifier-300ml-bottle,BLACK POWDER SOLIDIFIER 300ml Bottle,,Kingpin Supply,Medical Supplies and Sterilization Equipment,,TRUE,Title,Default Title,,,,,,,,,deny,manual,22.5,,TRUE,TRUE,,,,,FALSE,,,,,,,,,,,,,,,,,lb,,,active
black-powder-solidifier-1000ml-tub,BLACK POWDER SOLIDIFIER 1000ml Tub,,Kingpin Supply,Medical Supplies and Sterilization Equipment,,TRUE,Title,Default Title,,,,,,,,,deny,manual,70,,TRUE,TRUE,,,,,FALSE,,,,,,,,,,,,,,,,,lb,,,active
gentian-violet-applicator-sticks,GENTIAN VIOLET APPLICATOR STICKS,,Kingpin Supply,Medical Supplies and Sterilization Equipment,,TRUE,Title,Default Title,,,,,,,,,deny,manual,13.5,,TRUE,TRUE,,,,,FALSE,,,,,,,,,,,,,,,,,lb,,,active
